delete
from food_menu_item;
delete
from food_store_menu_cuisine;
delete
from food_store_menu;
delete
from food_store;

insert into food_store (id, name, open_now)
values ('store-pizza-palace', 'Pizza Palace', true),
	   ('store-napoli-fire', 'Napoli Fire', true),
	   ('store-burger-lab', 'Burger Lab', false),
	   ('store-smash-hub', 'Smash Hub', true),
	   ('store-sakura-sushi', 'Sakura Sushi', true),
	   ('store-tokyo-rolls', 'Tokyo Rolls', true),
	   ('store-taco-fiesta', 'Taco Fiesta', true),
	   ('store-pasta-corner', 'Pasta Corner', true),
	   ('store-green-garden', 'Green Garden', true),
	   ('store-sweet-spot', 'Sweet Spot', true);

insert into food_store_menu (id, store_id)
values (1, 'store-pizza-palace'),
	   (2, 'store-napoli-fire'),
	   (3, 'store-burger-lab'),
	   (4, 'store-smash-hub'),
	   (5, 'store-sakura-sushi'),
	   (6, 'store-tokyo-rolls'),
	   (7, 'store-taco-fiesta'),
	   (8, 'store-pasta-corner'),
	   (9, 'store-green-garden'),
	   (10, 'store-sweet-spot');

insert into food_store_menu_cuisine (store_menu_id, cuisine)
values (1, 'ITALIAN'),
	   (1, 'PIZZA'),
	   (2, 'ITALIAN'),
	   (2, 'PIZZA'),
	   (3, 'AMERICAN'),
	   (3, 'BURGERS'),
	   (4, 'AMERICAN'),
	   (4, 'BURGERS'),
	   (5, 'JAPANESE'),
	   (5, 'SUSHI'),
	   (6, 'JAPANESE'),
	   (6, 'SUSHI'),
	   (7, 'MEXICAN'),
	   (8, 'ITALIAN'),
	   (9, 'HEALTHY'),
	   (9, 'VEGAN'),
	   (10, 'DESSERTS');

insert into food_menu_item (id, store_menu_id, name, description, price, category, available)
values (1, 1, 'Margherita', 'Classic pizza with tomato sauce, mozzarella, and basil', 8.50, 'PIZZA', true),
	   (2, 1, 'Pepperoni', 'Pepperoni pizza with mozzarella and tomato sauce', 9.80, 'PIZZA', true),
	   (3, 1, 'Diavola', 'Spicy salami pizza with chili flakes', 10.20, 'PIZZA', true),
	   (4, 1, 'Four Cheese', 'Mozzarella, parmesan, gorgonzola, and provolone', 10.90, 'PIZZA', true),
	   (5, 1, 'Vegetarian', 'Pizza with peppers, mushrooms, onion, and olives', 9.40, 'PIZZA', true),
	   (6, 1, 'BBQ Chicken', 'Chicken pizza with BBQ sauce and red onion', 10.70, 'PIZZA', true),
	   (7, 1, 'Hawaiian', 'Ham and pineapple pizza', 9.90, 'PIZZA', true),
	   (8, 1, 'Prosciutto', 'Pizza with prosciutto and rocket', 11.20, 'PIZZA', true),
	   (9, 1, 'Garlic Bread', 'Toasted bread with garlic butter', 4.20, 'SIDES', true),
	   (10, 1, 'Cheesy Breadsticks', 'Baked breadsticks topped with mozzarella', 5.10, 'SIDES', true),
	   (11, 1, 'Potato Wedges', 'Crispy seasoned potato wedges', 4.80, 'SIDES', true),
	   (12, 1, 'Mozzarella Sticks', 'Breaded mozzarella sticks with dip', 5.60, 'SIDES', true),
	   (13, 1, 'Onion Rings', 'Golden fried onion rings', 4.50, 'SIDES', true),
	   (14, 1, 'Chicken Bites', 'Crispy chicken bites with dip', 6.20, 'SIDES', true),
	   (15, 1, 'Cola', 'Chilled cola soft drink', 2.20, 'DRINKS', true),
	   (16, 1, 'Orange Soda', 'Sparkling orange soda', 2.20, 'DRINKS', true),
	   (17, 1, 'Sparkling Water', 'Cold sparkling water', 1.90, 'DRINKS', true),
	   (18, 1, 'Tiramisu', 'Classic Italian tiramisu', 5.40, 'DESSERTS', true),
	   (19, 1, 'Chocolate Calzone', 'Folded dessert pizza with chocolate filling', 6.10, 'DESSERTS', true),
	   (20, 1, 'Vanilla Gelato', 'Creamy vanilla gelato', 4.30, 'DESSERTS', true),

	   (21, 2, 'Marinara', 'Tomato, garlic, oregano, and olive oil pizza', 7.90, 'PIZZA', true),
	   (22, 2, 'Napoli Special', 'Pizza with salami, olives, and peppers', 10.40, 'PIZZA', true),
	   (23, 2, 'Truffle Mushroom', 'Mushroom pizza with truffle cream', 11.50, 'PIZZA', true),
	   (24, 2, 'Spicy Beef', 'Pizza with spicy beef and red onion', 10.90, 'PIZZA', true),
	   (25, 2, 'Caprese Pizza', 'Mozzarella, tomato slices, and basil pesto', 10.20, 'PIZZA', true),
	   (26, 2, 'Chicken Pesto', 'Chicken pizza with basil pesto', 10.80, 'PIZZA', true),
	   (27, 2, 'Rustica', 'Pizza with sausage, peppers, and onion', 10.60, 'PIZZA', true),
	   (28, 2, 'Bianca', 'White pizza with ricotta and mozzarella', 9.70, 'PIZZA', true),
	   (29, 2, 'Garlic Bread', 'Fresh baked garlic bread', 4.00, 'SIDES', true),
	   (30, 2, 'Cheese Bites', 'Crispy cheese bites', 5.20, 'SIDES', true),
	   (31, 2, 'Fries', 'Crispy fries with herbs', 4.10, 'SIDES', true),
	   (32, 2, 'Mozzarella Sticks', 'Served with tomato dip', 5.50, 'SIDES', true),
	   (33, 2, 'Onion Rings', 'Golden onion rings', 4.40, 'SIDES', true),
	   (34, 2, 'Chicken Wings', 'Spiced oven wings', 6.40, 'SIDES', true),
	   (35, 2, 'Cola', 'Classic cola', 2.20, 'DRINKS', true),
	   (36, 2, 'Lemon Soda', 'Sparkling lemon soda', 2.30, 'DRINKS', true),
	   (37, 2, 'Water', 'Still water', 1.80, 'DRINKS', true),
	   (38, 2, 'Tiramisu', 'Italian tiramisu cup', 5.20, 'DESSERTS', true),
	   (39, 2, 'Panna Cotta', 'Cream dessert with berry sauce', 5.10, 'DESSERTS', true),
	   (40, 2, 'Chocolate Cake', 'Rich chocolate cake slice', 5.40, 'DESSERTS', true),

	   (41, 3, 'Classic Burger', 'Beef burger with lettuce, tomato, and house sauce', 10.50, 'BURGERS', true),
	   (42, 3, 'Cheese Burger', 'Classic burger with cheddar cheese', 11.20, 'BURGERS', true),
	   (43, 3, 'Double Smash', 'Double smashed beef patties with pickles and cheese', 12.90, 'BURGERS', true),
	   (44, 3, 'BBQ Bacon Burger', 'Burger with bacon, cheddar, and BBQ sauce', 13.40, 'BURGERS', true),
	   (45, 3, 'Crispy Chicken Burger', 'Fried chicken burger with mayo and lettuce', 11.60, 'BURGERS', true),
	   (46, 3, 'Spicy Jalapeno Burger', 'Beef burger with jalapenos and spicy sauce', 12.30, 'BURGERS', true),
	   (47, 3, 'Mushroom Swiss Burger', 'Burger with mushrooms and Swiss cheese', 12.50, 'BURGERS', true),
	   (48, 3, 'Veggie Burger', 'Plant-based burger with lettuce and tomato', 10.90, 'BURGERS', true),
	   (49, 3, 'Fries', 'Classic crispy fries', 3.90, 'SIDES', true),
	   (50, 3, 'Loaded Fries', 'Fries with cheese sauce and bacon bits', 5.70, 'SIDES', true),
	   (51, 3, 'Curly Fries', 'Seasoned curly fries', 4.80, 'SIDES', true),
	   (52, 3, 'Onion Rings', 'Golden onion rings', 4.60, 'SIDES', true),
	   (53, 3, 'Mozzarella Sticks', 'Cheese sticks with dipping sauce', 5.40, 'SIDES', true),
	   (54, 3, 'Chicken Wings', 'Spicy glazed chicken wings', 6.90, 'SIDES', true),
	   (55, 3, 'Cola', 'Cold cola soft drink', 2.30, 'DRINKS', true),
	   (56, 3, 'Lemon Soda', 'Sparkling lemon soda', 2.30, 'DRINKS', true),
	   (57, 3, 'Iced Tea', 'Refreshing iced tea', 2.60, 'DRINKS', true),
	   (58, 3, 'Brownie', 'Warm chocolate brownie', 4.70, 'DESSERTS', true),
	   (59, 3, 'Milkshake Vanilla', 'Vanilla milkshake', 4.90, 'DESSERTS', true),
	   (60, 3, 'Milkshake Chocolate', 'Chocolate milkshake', 4.90, 'DESSERTS', true),

	   (61, 4, 'Classic Burger', 'Beef burger with lettuce, tomato, and house sauce', 10.70, 'BURGERS', true),
	   (62, 4, 'Cheese Burger', 'Burger with cheddar cheese', 11.30, 'BURGERS', true),
	   (63, 4, 'Smash Double', 'Two beef patties, onions, pickles, and cheese', 13.10, 'BURGERS', true),
	   (64, 4, 'BBQ Burger', 'Burger with BBQ sauce and crispy onions', 12.80, 'BURGERS', true),
	   (65, 4, 'Buffalo Chicken Burger', 'Chicken burger with buffalo sauce', 11.90, 'BURGERS', true),
	   (66, 4, 'Hot Chili Burger', 'Burger with hot chili relish', 12.40, 'BURGERS', true),
	   (67, 4, 'Swiss Mushroom Burger', 'Burger with mushrooms and Swiss cheese', 12.60, 'BURGERS', true),
	   (68, 4, 'Vegan Burger', 'Plant burger with vegan mayo', 11.00, 'BURGERS', true),
	   (69, 4, 'Fries', 'Skin-on fries', 4.00, 'SIDES', true),
	   (70, 4, 'Loaded Fries', 'Fries with cheese and bacon', 5.90, 'SIDES', true),
	   (71, 4, 'Curly Fries', 'Curly seasoned fries', 4.90, 'SIDES', true),
	   (72, 4, 'Onion Rings', 'Crispy onion rings', 4.70, 'SIDES', true),
	   (73, 4, 'Cheese Bites', 'Breaded cheese bites', 5.50, 'SIDES', true),
	   (74, 4, 'Hot Wings', 'Spicy chicken wings', 7.10, 'SIDES', true),
	   (75, 4, 'Cola', 'Classic cola', 2.30, 'DRINKS', true),
	   (76, 4, 'Orange Soda', 'Orange fizzy drink', 2.30, 'DRINKS', true),
	   (77, 4, 'Iced Tea', 'Peach iced tea', 2.70, 'DRINKS', true),
	   (78, 4, 'Brownie', 'Chocolate brownie', 4.80, 'DESSERTS', true),
	   (79, 4, 'Vanilla Shake', 'Vanilla shake', 4.90, 'DESSERTS', true),
	   (80, 4, 'Chocolate Shake', 'Chocolate shake', 4.90, 'DESSERTS', true),

	   (81, 5, 'Salmon Nigiri', 'Fresh salmon over sushi rice', 7.40, 'SUSHI', true),
	   (82, 5, 'Tuna Nigiri', 'Fresh tuna over sushi rice', 7.80, 'SUSHI', true),
	   (83, 5, 'California Roll', 'Crab, avocado, and cucumber roll', 8.10, 'SUSHI', true),
	   (84, 5, 'Spicy Tuna Roll', 'Tuna roll with spicy mayo', 8.70, 'SUSHI', true),
	   (85, 5, 'Salmon Avocado Roll', 'Salmon and avocado roll', 8.60, 'SUSHI', true),
	   (86, 5, 'Dragon Roll', 'Tempura shrimp roll with avocado topping', 10.90, 'SUSHI', true),
	   (87, 5, 'Philadelphia Roll', 'Salmon, cream cheese, and cucumber roll', 8.80, 'SUSHI', true),
	   (88, 5, 'Veggie Roll', 'Avocado, cucumber, and carrot roll', 7.30, 'SUSHI', true),
	   (89, 5, 'Edamame', 'Steamed soybeans with sea salt', 4.20, 'STARTERS', true),
	   (90, 5, 'Gyoza', 'Pan-fried dumplings', 5.90, 'STARTERS', true),
	   (91, 5, 'Spring Rolls', 'Vegetable spring rolls', 4.70, 'STARTERS', true),
	   (92, 5, 'Chicken Karaage', 'Japanese fried chicken bites', 6.80, 'STARTERS', true),
	   (93, 5, 'Miso Soup', 'Traditional miso soup with tofu', 3.50, 'SOUPS', true),
	   (94, 5, 'Seafood Soup', 'Light seafood broth soup', 4.80, 'SOUPS', true),
	   (95, 5, 'Spicy Broth', 'Spicy broth with vegetables', 5.20, 'SOUPS', true),
	   (96, 5, 'Green Tea', 'Hot Japanese green tea', 2.40, 'DRINKS', true),
	   (97, 5, 'Iced Matcha', 'Cold matcha drink', 3.80, 'DRINKS', true),
	   (98, 5, 'Sparkling Water', 'Cold sparkling water', 1.90, 'DRINKS', true),
	   (99, 5, 'Mochi Vanilla', 'Soft rice cake with vanilla filling', 4.60, 'DESSERTS', true),
	   (100, 5, 'Mochi Mango', 'Soft rice cake with mango filling', 4.60, 'DESSERTS', true),

	   (101, 6, 'Salmon Nigiri', 'Fresh salmon over rice', 7.50, 'SUSHI', true),
	   (102, 6, 'Tuna Nigiri', 'Fresh tuna over rice', 7.90, 'SUSHI', true),
	   (103, 6, 'California Roll', 'Crab and avocado roll', 8.20, 'SUSHI', true),
	   (104, 6, 'Spicy Salmon Roll', 'Salmon roll with spicy mayo', 8.80, 'SUSHI', true),
	   (105, 6, 'Avocado Roll', 'Simple avocado sushi roll', 7.10, 'SUSHI', true),
	   (106, 6, 'Dragon Roll', 'Shrimp tempura roll with avocado', 11.00, 'SUSHI', true),
	   (107, 6, 'Crunch Roll', 'Crunchy sushi roll with tempura flakes', 9.10, 'SUSHI', true),
	   (108, 6, 'Veggie Roll', 'Cucumber, avocado, and carrot roll', 7.40, 'SUSHI', true),
	   (109, 6, 'Edamame', 'Steamed soybeans', 4.30, 'STARTERS', true),
	   (110, 6, 'Gyoza', 'Chicken dumplings', 6.00, 'STARTERS', true),
	   (111, 6, 'Spring Rolls', 'Vegetable spring rolls', 4.80, 'STARTERS', true),
	   (112, 6, 'Tempura Shrimp', 'Crispy shrimp tempura', 7.20, 'STARTERS', true),
	   (113, 6, 'Miso Soup', 'Miso soup with tofu', 3.60, 'SOUPS', true),
	   (114, 6, 'Chicken Soup', 'Light broth with chicken and vegetables', 4.90, 'SOUPS', true),
	   (115, 6, 'Spicy Ramen Broth', 'Spicy broth bowl', 5.30, 'SOUPS', true),
	   (116, 6, 'Green Tea', 'Hot green tea', 2.40, 'DRINKS', true),
	   (117, 6, 'Iced Matcha', 'Cold matcha latte', 3.90, 'DRINKS', true),
	   (118, 6, 'Water', 'Still water', 1.80, 'DRINKS', true),
	   (119, 6, 'Mochi Strawberry', 'Strawberry mochi', 4.70, 'DESSERTS', true),
	   (120, 6, 'Mochi Chocolate', 'Chocolate mochi', 4.70, 'DESSERTS', true),

	   (121, 7, 'Beef Tacos', 'Three tacos with seasoned beef', 8.90, 'TACOS', true),
	   (122, 7, 'Chicken Tacos', 'Three tacos with grilled chicken', 8.70, 'TACOS', true),
	   (123, 7, 'Pulled Pork Tacos', 'Three tacos with pulled pork', 9.10, 'TACOS', true),
	   (124, 7, 'Fish Tacos', 'Three tacos with crispy fish and slaw', 9.40, 'TACOS', true),
	   (125, 7, 'Veggie Tacos', 'Three tacos with grilled vegetables and beans', 8.30, 'TACOS', true),
	   (126, 7, 'Chicken Burrito', 'Chicken burrito with rice, beans, salsa, and cheese', 9.80, 'BURRITOS', true),
	   (127, 7, 'Beef Burrito', 'Beef burrito with rice, beans, and sour cream', 10.20, 'BURRITOS', true),
	   (128, 7, 'Veggie Burrito', 'Vegetarian burrito with guacamole and beans', 9.10, 'BURRITOS', true),
	   (129, 7, 'Spicy Burrito', 'Spicy burrito with jalapenos and chipotle sauce', 10.40, 'BURRITOS', true),
	   (130, 7, 'Loaded Burrito', 'Large burrito with beef, rice, beans, cheese, and salsa', 11.20, 'BURRITOS', true),
	   (131, 7, 'Nachos', 'Crispy nachos with salsa dip', 5.20, 'SIDES', true),
	   (132, 7, 'Nachos Supreme', 'Nachos with cheese, jalapenos, and guacamole', 7.20, 'SIDES', true),
	   (133, 7, 'Mexican Rice', 'Seasoned rice with herbs and spices', 3.80, 'SIDES', true),
	   (134, 7, 'Beans', 'Slow-cooked black beans', 3.40, 'SIDES', true),
	   (135, 7, 'Guacamole and Chips', 'Fresh guacamole with tortilla chips', 5.90, 'SIDES', true),
	   (136, 7, 'Lime Soda', 'Sparkling lime soda', 2.40, 'DRINKS', true),
	   (137, 7, 'Horchata', 'Sweet rice milk drink', 3.20, 'DRINKS', true),
	   (138, 7, 'Iced Tea', 'Cold refreshing tea', 2.60, 'DRINKS', true),
	   (139, 7, 'Churros', 'Cinnamon sugar churros with chocolate dip', 4.90, 'DESSERTS', true),
	   (140, 7, 'Tres Leches', 'Soft milk cake dessert', 5.30, 'DESSERTS', true),

	   (141, 8, 'Spaghetti Bolognese', 'Spaghetti with beef ragù', 11.50, 'PASTA', true),
	   (142, 8, 'Penne Alfredo', 'Penne in creamy parmesan sauce', 10.80, 'PASTA', true),
	   (143, 8, 'Lasagna', 'Layered pasta with meat sauce and béchamel', 11.90, 'PASTA', true),
	   (144, 8, 'Carbonara', 'Pasta with pancetta, egg, and pecorino', 12.10, 'PASTA', true),
	   (145, 8, 'Arrabbiata', 'Spicy tomato pasta', 10.40, 'PASTA', true),
	   (146, 8, 'Pesto Pasta', 'Pasta with basil pesto and parmesan', 10.90, 'PASTA', true),
	   (147, 8, 'Mushroom Tagliatelle', 'Tagliatelle with mushrooms and cream', 11.30, 'PASTA', true),
	   (148, 8, 'Seafood Linguine', 'Linguine with mixed seafood', 13.40, 'PASTA', true),
	   (149, 8, 'Caesar Salad', 'Romaine lettuce, croutons, parmesan', 6.90, 'SALADS', true),
	   (150, 8, 'Caprese Salad', 'Tomato, mozzarella, basil, and olive oil', 7.40, 'SALADS', true),
	   (151, 8, 'Rocket Parmesan Salad', 'Rocket leaves with shaved parmesan', 6.80, 'SALADS', true),
	   (152, 8, 'Tuna Salad', 'Fresh salad with tuna and vegetables', 7.90, 'SALADS', true),
	   (153, 8, 'Garlic Focaccia', 'Warm focaccia with garlic and herbs', 4.50, 'BREAD', true),
	   (154, 8, 'Cheese Focaccia', 'Focaccia topped with cheese', 4.90, 'BREAD', true),
	   (155, 8, 'Bruschetta', 'Toasted bread with tomato and basil', 5.20, 'BREAD', true),
	   (156, 8, 'Sparkling Water', 'Chilled sparkling water', 1.90, 'DRINKS', true),
	   (157, 8, 'Lemon Soda', 'Italian lemon soda', 2.50, 'DRINKS', true),
	   (158, 8, 'Peach Iced Tea', 'Peach flavored iced tea', 2.70, 'DRINKS', true),
	   (159, 8, 'Tiramisu', 'Classic tiramisu dessert', 5.40, 'DESSERTS', true),
	   (160, 8, 'Panna Cotta', 'Creamy panna cotta with berry sauce', 5.20, 'DESSERTS', true),

	   (161, 9, 'Vegan Buddha Bowl', 'Quinoa, roasted vegetables, chickpeas, and tahini', 10.40, 'BOWLS', true),
	   (162, 9, 'Chicken Power Bowl', 'Chicken, rice, greens, and avocado', 11.30, 'BOWLS', true),
	   (163, 9, 'Salmon Bowl', 'Salmon, brown rice, edamame, and greens', 12.20, 'BOWLS', true),
	   (164, 9, 'Falafel Bowl', 'Falafel with couscous, greens, and hummus', 10.10, 'BOWLS', true),
	   (165, 9, 'Protein Bowl', 'Lean protein, grains, and seasonal vegetables', 11.70, 'BOWLS', true),
	   (166, 9, 'Tofu Bowl', 'Tofu, soba noodles, greens, and sesame dressing', 10.80, 'BOWLS', true),
	   (167, 9, 'Greek Salad', 'Tomato, cucumber, olives, and feta', 6.90, 'SALADS', true),
	   (168, 9, 'Avocado Salad', 'Mixed greens with avocado and seeds', 7.30, 'SALADS', true),
	   (169, 9, 'Salmon Salad', 'Greens with grilled salmon and citrus dressing', 12.50, 'SALADS', true),
	   (170, 9, 'Chicken Caesar Light', 'Lighter Caesar salad with grilled chicken', 8.80, 'SALADS', true),
	   (171, 9, 'Quinoa Salad', 'Quinoa with herbs, vegetables, and lemon dressing', 7.40, 'SALADS', true),
	   (172, 9, 'Vegan Crunch Salad', 'Greens, carrots, cabbage, and nuts', 7.20, 'SALADS', true),
	   (173, 9, 'Falafel Wrap', 'Falafel wrap with hummus and salad', 8.60, 'WRAPS', true),
	   (174, 9, 'Chicken Wrap', 'Grilled chicken wrap with yogurt sauce', 8.90, 'WRAPS', true),
	   (175, 9, 'Tofu Wrap', 'Tofu wrap with crunchy vegetables', 8.50, 'WRAPS', true),
	   (176, 9, 'Halloumi Wrap', 'Grilled halloumi with tomato and greens', 9.10, 'WRAPS', true),
	   (177, 9, 'Lentil Soup', 'Hearty lentil soup', 4.80, 'SOUPS', true),
	   (178, 9, 'Vegetable Soup', 'Seasonal vegetable soup', 4.60, 'SOUPS', true),
	   (179, 9, 'Green Juice', 'Fresh green apple and spinach juice', 3.90, 'DRINKS', true),
	   (180, 9, 'Orange Juice', 'Freshly squeezed orange juice', 3.70, 'DRINKS', true),

	   (181, 10, 'Chocolate Brownie', 'Rich chocolate brownie', 4.60, 'DESSERTS', true),
	   (182, 10, 'New York Cheesecake', 'Classic creamy cheesecake', 5.20, 'DESSERTS', true),
	   (183, 10, 'Red Velvet Cake', 'Moist red velvet cake slice', 5.40, 'DESSERTS', true),
	   (184, 10, 'Carrot Cake', 'Spiced carrot cake with cream cheese frosting', 5.10, 'DESSERTS', true),
	   (185, 10, 'Tiramisu Cup', 'Layered tiramisu dessert cup', 4.90, 'DESSERTS', true),
	   (186, 10, 'Chocolate Mousse', 'Silky chocolate mousse', 4.70, 'DESSERTS', true),
	   (187, 10, 'Vanilla Cupcake', 'Vanilla cupcake with frosting', 3.80, 'DESSERTS', true),
	   (188, 10, 'Chocolate Cupcake', 'Chocolate cupcake with ganache', 3.90, 'DESSERTS', true),
	   (189, 10, 'Apple Pie', 'Warm apple pie slice', 4.80, 'DESSERTS', true),
	   (190, 10, 'Lemon Tart', 'Tangy lemon tart', 4.90, 'DESSERTS', true),
	   (191, 10, 'Vanilla Milkshake', 'Classic vanilla milkshake', 4.90, 'DRINKS', true),
	   (192, 10, 'Chocolate Milkshake', 'Chocolate milkshake', 4.90, 'DRINKS', true),
	   (193, 10, 'Strawberry Milkshake', 'Strawberry milkshake', 4.90, 'DRINKS', true),
	   (194, 10, 'Iced Coffee', 'Cold sweetened iced coffee', 3.80, 'DRINKS', true),
	   (195, 10, 'Hot Chocolate', 'Rich hot chocolate', 3.90, 'DRINKS', true),
	   (196, 10, 'Espresso', 'Single espresso shot', 2.20, 'COFFEE', true),
	   (197, 10, 'Americano', 'Espresso with hot water', 2.50, 'COFFEE', true),
	   (198, 10, 'Cappuccino', 'Espresso with steamed milk foam', 3.20, 'COFFEE', true),
	   (199, 10, 'Latte', 'Smooth milk coffee', 3.40, 'COFFEE', true),
	   (200, 10, 'Flat White', 'Velvety flat white coffee', 3.40, 'COFFEE', true);